{"cameraMode":{"drawMode":0,"name":"Shaded","section":"Shading Mode"},"sceneLighting":false,"audioPlay":false,"sceneViewState":{"showFog":true,"showMaterialUpdate":false,"showSkybox":true,"showFlares":true,"showImageEffects":true,"showParticleSystems":true},"in2DMode":false,"pivot":{"x":243.6653594970703,"y":12.196318626403809,"z":218.17152404785157},"rotation":{"x":-0.2992362082004547,"y":-0.6729251146316528,"z":0.34658271074295046,"w":-0.5809560418128967},"size":6.92200231552124,"orthographic":false}