{"cameraMode":{"drawMode":0,"name":"Shaded","section":"Shading Mode"},"sceneLighting":false,"audioPlay":false,"sceneViewState":{"showFog":true,"showMaterialUpdate":false,"showSkybox":true,"showFlares":true,"showImageEffects":true,"showParticleSystems":true},"in2DMode":false,"pivot":{"x":0.06782437860965729,"y":0.7022261619567871,"z":-0.7601208686828613},"rotation":{"x":-0.5031960010528565,"y":0.4938257038593292,"z":-0.5385124683380127,"w":-0.4614480435848236},"size":2.2592127323150636,"orthographic":false}