{"cameraMode":{"drawMode":0,"name":"Shaded","section":"Shading Mode"},"sceneLighting":false,"audioPlay":false,"sceneViewState":{"showFog":true,"showMaterialUpdate":false,"showSkybox":true,"showFlares":true,"showImageEffects":true,"showParticleSystems":true},"in2DMode":false,"pivot":{"x":-537.5869140625,"y":13.331436157226563,"z":225.85060119628907},"rotation":{"x":-0.14400112628936768,"y":-0.6255661249160767,"z":0.11891509592533112,"w":-0.7574892640113831},"size":5.097297191619873,"orthographic":false}