{"cameraMode":{"drawMode":0,"name":"Shaded","section":"Shading Mode"},"sceneLighting":true,"audioPlay":false,"sceneViewState":{"showFog":true,"showMaterialUpdate":false,"showSkybox":true,"showFlares":true,"showImageEffects":true,"showParticleSystems":true},"in2DMode":false,"pivot":{"x":406.29998779296877,"y":81.0999984741211,"z":0.0},"rotation":{"x":0.20520739257335664,"y":0.036226607859134677,"z":-0.007621519733220339,"w":0.9780181646347046},"size":268.6005554199219,"orthographic":false}