{"cameraMode":{"drawMode":0,"name":"Shaded","section":"Shading Mode"},"sceneLighting":false,"audioPlay":false,"sceneViewState":{"showFog":true,"showMaterialUpdate":false,"showSkybox":true,"showFlares":true,"showImageEffects":true,"showParticleSystems":true},"in2DMode":false,"pivot":{"x":0.28447937965393069,"y":3.27485990524292,"z":0.4235210418701172},"rotation":{"x":-0.14400112628936768,"y":-0.6255661249160767,"z":0.11891509592533112,"w":-0.7574892640113831},"size":10.097860336303711,"orthographic":false}