{"cameraMode":{"drawMode":0,"name":"Shaded","section":"Shading Mode"},"sceneLighting":false,"audioPlay":false,"sceneViewState":{"showFog":true,"showMaterialUpdate":false,"showSkybox":true,"showFlares":true,"showImageEffects":true,"showParticleSystems":true},"in2DMode":false,"pivot":{"x":60.4900016784668,"y":1.5699999332427979,"z":51.900001525878909},"rotation":{"x":0.046282026916742328,"y":-0.9503356218338013,"z":0.17245595157146455,"w":0.2549102008342743},"size":6.794233322143555,"orthographic":false}