{"cameraMode":{"drawMode":0,"name":"Shaded","section":"Shading Mode"},"sceneLighting":false,"audioPlay":false,"sceneViewState":{"showFog":true,"showMaterialUpdate":false,"showSkybox":true,"showFlares":true,"showImageEffects":true,"showParticleSystems":true},"in2DMode":false,"pivot":{"x":-0.03641986846923828,"y":0.32634663581848147,"z":0.47754836082458498},"rotation":{"x":-0.036778565496206287,"y":0.9588998556137085,"z":-0.14705973863601685,"w":-0.23985792696475984},"size":5.288848400115967,"orthographic":false}