{"cameraMode":{"drawMode":0,"name":"Shaded","section":"Shading Mode"},"sceneLighting":true,"audioPlay":false,"sceneViewState":{"showFog":true,"showMaterialUpdate":false,"showSkybox":true,"showFlares":true,"showImageEffects":true,"showParticleSystems":true},"in2DMode":false,"pivot":{"x":-7.439621448516846,"y":77.914794921875,"z":109.86407470703125},"rotation":{"x":-0.17624352872371674,"y":-0.6218470335006714,"z":0.14632076025009156,"w":-0.7488889694213867},"size":23.217979431152345,"orthographic":false}