{"cameraMode":{"drawMode":0,"name":"Shaded","section":"Shading Mode"},"sceneLighting":false,"audioPlay":false,"sceneViewState":{"showFog":true,"showMaterialUpdate":false,"showSkybox":true,"showFlares":true,"showImageEffects":true,"showParticleSystems":true},"in2DMode":false,"pivot":{"x":3.390084743499756,"y":-0.10658025741577149,"z":-0.5000195503234863},"rotation":{"x":-0.07746053487062454,"y":-0.07471845299005509,"z":0.005816029850393534,"w":-0.9941747188568115},"size":43.9045524597168,"orthographic":false}