{"cameraMode":{"drawMode":0,"name":"Shaded","section":"Shading Mode"},"sceneLighting":true,"audioPlay":false,"sceneViewState":{"showFog":true,"showMaterialUpdate":false,"showSkybox":true,"showFlares":true,"showImageEffects":true,"showParticleSystems":true},"in2DMode":false,"pivot":{"x":-540.09912109375,"y":13.929757118225098,"z":228.13462829589845},"rotation":{"x":0.004415099509060383,"y":0.5611515045166016,"z":0.002985517494380474,"w":-0.8276960253715515},"size":2.676804304122925,"orthographic":false}