{"cameraMode":{"drawMode":0,"name":"Shaded","section":"Shading Mode"},"sceneLighting":false,"audioPlay":false,"sceneViewState":{"showFog":true,"showMaterialUpdate":false,"showSkybox":true,"showFlares":true,"showImageEffects":true,"showParticleSystems":true},"in2DMode":false,"pivot":{"x":-197.7204132080078,"y":6.703132629394531,"z":87.18073272705078},"rotation":{"x":0.22891314327716828,"y":-0.49643057584762576,"z":0.13759072124958039,"w":0.8259686827659607},"size":726.1446533203125,"orthographic":false}