{"cameraMode":{"drawMode":0,"name":"Shaded","section":"Shading Mode"},"sceneLighting":false,"audioPlay":false,"sceneViewState":{"showFog":true,"showMaterialUpdate":false,"showSkybox":true,"showFlares":true,"showImageEffects":true,"showParticleSystems":true},"in2DMode":false,"pivot":{"x":99.43661499023438,"y":18.0,"z":109.04524230957031},"rotation":{"x":-0.16193796694278718,"y":0.6816197633743286,"z":-0.15866677463054658,"w":-0.6956979036331177},"size":22.145700454711915,"orthographic":false}