{"cameraMode":{"drawMode":0,"name":"Shaded","section":"Shading Mode"},"sceneLighting":false,"audioPlay":false,"sceneViewState":{"showFog":true,"showMaterialUpdate":false,"showSkybox":true,"showFlares":true,"showImageEffects":true,"showParticleSystems":true},"in2DMode":false,"pivot":{"x":0.4457300901412964,"y":1.6519140005111695,"z":2.7538046836853029},"rotation":{"x":0.04543258249759674,"y":-0.9458524584770203,"z":0.2833629250526428,"w":0.15167273581027986},"size":10.256336212158204,"orthographic":false}