{"cameraMode":{"drawMode":0,"name":"Shaded","section":"Shading Mode"},"sceneLighting":true,"audioPlay":false,"sceneViewState":{"showFog":true,"showMaterialUpdate":false,"showSkybox":true,"showFlares":true,"showImageEffects":true,"showParticleSystems":true},"in2DMode":false,"pivot":{"x":-545.7628173828125,"y":14.115638732910157,"z":232.28024291992188},"rotation":{"x":0.011959323659539223,"y":0.8961307406425476,"z":-0.442969411611557,"w":0.02418188564479351},"size":3.609520196914673,"orthographic":false}