{"cameraMode":{"drawMode":0,"name":"Shaded","section":"Shading Mode"},"sceneLighting":false,"audioPlay":false,"sceneViewState":{"showFog":true,"showMaterialUpdate":false,"showSkybox":true,"showFlares":true,"showImageEffects":true,"showParticleSystems":true},"in2DMode":false,"pivot":{"x":-398.7846374511719,"y":-24.365737915039064,"z":107.2412338256836},"rotation":{"x":0.14668352901935578,"y":0.6953005194664002,"z":-0.1482815146446228,"w":0.6877890229225159},"size":8.694709777832032,"orthographic":false}