{"cameraMode":{"drawMode":0,"name":"Shaded","section":"Shading Mode"},"sceneLighting":false,"audioPlay":false,"sceneViewState":{"showFog":true,"showMaterialUpdate":false,"showSkybox":true,"showFlares":true,"showImageEffects":true,"showParticleSystems":true},"in2DMode":false,"pivot":{"x":2.1841516494750978,"y":2.0602965354919435,"z":2.6718268394470217},"rotation":{"x":0.0238586887717247,"y":-0.32959067821502688,"z":0.00833851844072342,"w":0.9437856078147888},"size":23.80963706970215,"orthographic":false}