{"cameraMode":{"drawMode":0,"name":"Shaded","section":"Shading Mode"},"sceneLighting":false,"audioPlay":false,"sceneViewState":{"showFog":true,"showMaterialUpdate":false,"showSkybox":true,"showFlares":true,"showImageEffects":true,"showParticleSystems":true},"in2DMode":false,"pivot":{"x":0.6110144853591919,"y":1.5484460592269898,"z":-0.023024260997772218},"rotation":{"x":-0.05794144794344902,"y":-0.890623927116394,"z":0.11857130378484726,"w":-0.43516987562179568},"size":5.0542778968811039,"orthographic":false}