{"cameraMode":{"drawMode":0,"name":"Shaded","section":"Shading Mode"},"sceneLighting":true,"audioPlay":false,"sceneViewState":{"showFog":true,"showMaterialUpdate":false,"showSkybox":true,"showFlares":true,"showImageEffects":true,"showParticleSystems":true},"in2DMode":false,"pivot":{"x":-682.2620849609375,"y":93.60520935058594,"z":275.4968566894531},"rotation":{"x":-0.0953984260559082,"y":-0.896429181098938,"z":0.23550093173980714,"w":-0.3631160259246826},"size":49.83400344848633,"orthographic":false}