{"cameraMode":{"drawMode":0,"name":"Shaded","section":"Shading Mode"},"sceneLighting":false,"audioPlay":false,"sceneViewState":{"showFog":true,"showMaterialUpdate":false,"showSkybox":true,"showFlares":true,"showImageEffects":true,"showParticleSystems":true},"in2DMode":false,"pivot":{"x":3.8964786529541017,"y":-58.92127227783203,"z":-1.7520933151245118},"rotation":{"x":-0.5243578553199768,"y":0.2783815860748291,"z":-0.18647797405719758,"w":-0.7828016877174377},"size":26.945945739746095,"orthographic":false}