{"cameraMode":{"drawMode":0,"name":"Shaded","section":"Shading Mode"},"sceneLighting":false,"audioPlay":false,"sceneViewState":{"showFog":true,"showMaterialUpdate":false,"showSkybox":true,"showFlares":true,"showImageEffects":true,"showParticleSystems":true},"in2DMode":false,"pivot":{"x":-0.3270522952079773,"y":1.254680871963501,"z":0.014143498614430428},"rotation":{"x":0.16179148852825166,"y":-0.6937732100486755,"z":0.16453833878040315,"w":0.682223916053772},"size":2.200287103652954,"orthographic":false}