{"cameraMode":{"drawMode":0,"name":"Shaded","section":"Shading Mode"},"sceneLighting":false,"audioPlay":false,"sceneViewState":{"showFog":true,"showMaterialUpdate":false,"showSkybox":true,"showFlares":true,"showImageEffects":true,"showParticleSystems":true},"in2DMode":false,"pivot":{"x":-399.3812255859375,"y":-28.419565200805665,"z":107.7530517578125},"rotation":{"x":-0.1726844757795334,"y":0.8142048716545105,"z":-0.4642426073551178,"w":-0.3028685450553894},"size":8.878941535949707,"orthographic":false}