{"cameraMode":{"drawMode":0,"name":"Shaded","section":"Shading Mode"},"sceneLighting":false,"audioPlay":false,"sceneViewState":{"showFog":true,"showMaterialUpdate":false,"showSkybox":true,"showFlares":true,"showImageEffects":true,"showParticleSystems":true},"in2DMode":false,"pivot":{"x":0.18135619163513184,"y":0.0,"z":5.349999904632568},"rotation":{"x":0.082313671708107,"y":-0.8980090022087097,"z":0.38793039321899416,"w":0.19056333601474763},"size":27.82395362854004,"orthographic":false}