{"cameraMode":{"drawMode":0,"name":"Shaded","section":"Shading Mode"},"sceneLighting":false,"audioPlay":false,"sceneViewState":{"showFog":true,"showMaterialUpdate":false,"showSkybox":true,"showFlares":true,"showImageEffects":true,"showParticleSystems":true},"in2DMode":false,"pivot":{"x":0.4916527271270752,"y":0.12930038571357728,"z":0.0031634457409381868},"rotation":{"x":0.12779225409030915,"y":-0.7095794081687927,"z":0.13336443901062013,"w":0.6799854040145874},"size":6.933172702789307,"orthographic":false}