{"cameraMode":{"drawMode":0,"name":"Shaded","section":"Shading Mode"},"sceneLighting":false,"audioPlay":false,"sceneViewState":{"showFog":true,"showMaterialUpdate":false,"showSkybox":true,"showFlares":true,"showImageEffects":true,"showParticleSystems":true},"in2DMode":false,"pivot":{"x":-399.9515380859375,"y":-25.122953414916993,"z":107.56825256347656},"rotation":{"x":-0.0559329017996788,"y":0.7257592678070068,"z":-0.05943271145224571,"w":-0.6830906867980957},"size":9.943142890930176,"orthographic":false}