{"cameraMode":{"drawMode":0,"name":"Shaded","section":"Shading Mode"},"sceneLighting":false,"audioPlay":false,"sceneViewState":{"showFog":true,"showMaterialUpdate":false,"showSkybox":true,"showFlares":true,"showImageEffects":true,"showParticleSystems":true},"in2DMode":false,"pivot":{"x":-399.408447265625,"y":-25.51216697692871,"z":107.59919738769531},"rotation":{"x":0.20254874229431153,"y":0.6658434271812439,"z":-0.19515880942344666,"w":0.691042423248291},"size":8.694709777832032,"orthographic":false}