{"cameraMode":{"drawMode":0,"name":"Shaded","section":"Shading Mode"},"sceneLighting":true,"audioPlay":false,"sceneViewState":{"showFog":true,"showMaterialUpdate":false,"showSkybox":true,"showFlares":true,"showImageEffects":true,"showParticleSystems":true},"in2DMode":false,"pivot":{"x":-536.3598022460938,"y":175.91653442382813,"z":-18.147851943969728},"rotation":{"x":-0.28117474913597109,"y":0.025096282362937928,"z":-0.007342120632529259,"w":-0.9593003392219544},"size":15.809747695922852,"orthographic":false}