{"cameraMode":{"drawMode":0,"name":"Shaded","section":"Shading Mode"},"sceneLighting":true,"audioPlay":false,"sceneViewState":{"showFog":true,"showMaterialUpdate":false,"showSkybox":true,"showFlares":true,"showImageEffects":true,"showParticleSystems":true},"in2DMode":false,"pivot":{"x":-473.76849365234377,"y":30.186830520629884,"z":241.09718322753907},"rotation":{"x":0.15551766753196717,"y":0.6864649057388306,"z":-0.153945192694664,"w":0.6934559941291809},"size":18.68577766418457,"orthographic":false}