{"cameraMode":{"drawMode":0,"name":"Shaded","section":"Shading Mode"},"sceneLighting":false,"audioPlay":false,"sceneViewState":{"showFog":true,"showMaterialUpdate":false,"showSkybox":true,"showFlares":true,"showImageEffects":true,"showParticleSystems":true},"in2DMode":false,"pivot":{"x":0.08811710774898529,"y":1.0894553661346436,"z":0.4924985468387604},"rotation":{"x":0.02460314892232418,"y":-0.9325849413871765,"z":0.06479138880968094,"w":0.3542346954345703},"size":4.082606792449951,"orthographic":false}