{"cameraMode":{"drawMode":0,"name":"Shaded","section":"Shading Mode"},"sceneLighting":false,"audioPlay":false,"sceneViewState":{"showFog":true,"showMaterialUpdate":false,"showSkybox":true,"showFlares":true,"showImageEffects":true,"showParticleSystems":true},"in2DMode":false,"pivot":{"x":-0.9963598251342773,"y":2.0642378330230715,"z":-1.7225397825241089},"rotation":{"x":-0.043190449476242068,"y":-0.6968716979026794,"z":0.042108241468667987,"w":-0.714654803276062},"size":10.281505584716797,"orthographic":false}