{"cameraMode":{"drawMode":0,"name":"Shaded","section":"Shading Mode"},"sceneLighting":false,"audioPlay":false,"sceneViewState":{"showFog":true,"showMaterialUpdate":false,"showSkybox":true,"showFlares":true,"showImageEffects":true,"showParticleSystems":true},"in2DMode":false,"pivot":{"x":-399.41845703125,"y":-18.47100067138672,"z":110.55919647216797},"rotation":{"x":-0.16193796694278718,"y":0.6816197633743286,"z":-0.15866677463054658,"w":-0.6956979036331177},"size":12.084598541259766,"orthographic":false}