{"cameraMode":{"drawMode":0,"name":"Shaded","section":"Shading Mode"},"sceneLighting":false,"audioPlay":false,"sceneViewState":{"showFog":true,"showMaterialUpdate":false,"showSkybox":true,"showFlares":true,"showImageEffects":true,"showParticleSystems":true},"in2DMode":false,"pivot":{"x":-540.75537109375,"y":14.930000305175782,"z":225.8634033203125},"rotation":{"x":0.016560273244976999,"y":-0.6034480929374695,"z":0.012544281780719757,"w":0.7971316576004028},"size":22.0,"orthographic":false}