{"cameraMode":{"drawMode":0,"name":"Shaded","section":"Shading Mode"},"sceneLighting":false,"audioPlay":false,"sceneViewState":{"showFog":true,"showMaterialUpdate":false,"showSkybox":true,"showFlares":true,"showImageEffects":true,"showParticleSystems":true},"in2DMode":false,"pivot":{"x":-7.7897796630859379,"y":-43.45390319824219,"z":3.6958141326904299},"rotation":{"x":-0.07437626272439957,"y":0.7147447466850281,"z":-0.0769202932715416,"w":-0.6911523342132568},"size":146.3589324951172,"orthographic":false}