{"cameraMode":{"drawMode":0,"name":"Shaded","section":"Shading Mode"},"sceneLighting":false,"audioPlay":false,"sceneViewState":{"showFog":true,"showMaterialUpdate":false,"showSkybox":true,"showFlares":true,"showImageEffects":true,"showParticleSystems":true},"in2DMode":false,"pivot":{"x":225.18161010742188,"y":42.432533264160159,"z":38.39764404296875},"rotation":{"x":0.053906843066215518,"y":0.867546558380127,"z":-0.09644027054309845,"w":0.48492923378944399},"size":1036.8848876953125,"orthographic":false}