{"cameraMode":{"drawMode":0,"name":"Shaded","section":"Shading Mode"},"sceneLighting":false,"audioPlay":false,"sceneViewState":{"showFog":true,"showMaterialUpdate":false,"showSkybox":true,"showFlares":true,"showImageEffects":true,"showParticleSystems":true},"in2DMode":false,"pivot":{"x":1.2400000095367432,"y":-54.02000045776367,"z":0.0},"rotation":{"x":-0.09462031722068787,"y":0.6014279723167419,"z":-0.07203660905361176,"w":-0.7900266647338867},"size":24.528480529785158,"orthographic":false}