{"cameraMode":{"drawMode":0,"name":"Shaded","section":"Shading Mode"},"sceneLighting":false,"audioPlay":false,"sceneViewState":{"showFog":true,"showMaterialUpdate":false,"showSkybox":true,"showFlares":true,"showImageEffects":true,"showParticleSystems":true},"in2DMode":false,"pivot":{"x":0.03184419870376587,"y":0.4284311532974243,"z":-0.02844427525997162},"rotation":{"x":-0.14400112628936768,"y":-0.6255661249160767,"z":0.11891509592533112,"w":-0.7574892640113831},"size":4.845722198486328,"orthographic":false}