{"cameraMode":{"drawMode":0,"name":"Shaded","section":"Shading Mode"},"sceneLighting":false,"audioPlay":false,"sceneViewState":{"showFog":true,"showMaterialUpdate":false,"showSkybox":true,"showFlares":true,"showImageEffects":true,"showParticleSystems":true},"in2DMode":false,"pivot":{"x":20.277236938476564,"y":5.3621368408203129,"z":44.12590026855469},"rotation":{"x":-0.0702684074640274,"y":0.6573731899261475,"z":-0.06178152933716774,"w":-0.7477338314056397},"size":216.83457946777345,"orthographic":false}