{"cameraMode":{"drawMode":0,"name":"Shaded","section":"Shading Mode"},"sceneLighting":true,"audioPlay":false,"sceneViewState":{"showFog":true,"showMaterialUpdate":false,"showSkybox":true,"showFlares":true,"showImageEffects":true,"showParticleSystems":true},"in2DMode":false,"pivot":{"x":-293.3567199707031,"y":73.02851104736328,"z":45.70365905761719},"rotation":{"x":0.21576689183712007,"y":-0.6771507263183594,"z":0.218494713306427,"w":0.6687089800834656},"size":57.439598083496097,"orthographic":false}