{"cameraMode":{"drawMode":0,"name":"Shaded","section":"Shading Mode"},"sceneLighting":true,"audioPlay":false,"sceneViewState":{"showFog":true,"showMaterialUpdate":false,"showSkybox":true,"showFlares":true,"showImageEffects":true,"showParticleSystems":true},"in2DMode":false,"pivot":{"x":-545.2683715820313,"y":14.164945602416993,"z":222.7776336669922},"rotation":{"x":0.18731313943862916,"y":-0.20342682301998139,"z":0.039691172540187839,"w":0.9601854085922241},"size":3.962671995162964,"orthographic":false}