{"cameraMode":{"drawMode":0,"name":"Shaded","section":"Shading Mode"},"sceneLighting":false,"audioPlay":false,"sceneViewState":{"showFog":true,"showMaterialUpdate":false,"showSkybox":true,"showFlares":true,"showImageEffects":true,"showParticleSystems":true},"in2DMode":false,"pivot":{"x":-0.10920156538486481,"y":1.4172990322113038,"z":-0.36326801776885989},"rotation":{"x":0.002052782103419304,"y":-0.9960294961929321,"z":0.08572734892368317,"w":0.023912839591503145},"size":1.7542777061462403,"orthographic":false}