{"cameraMode":{"drawMode":0,"name":"Shaded","section":"Shading Mode"},"sceneLighting":false,"audioPlay":false,"sceneViewState":{"showFog":true,"showMaterialUpdate":false,"showSkybox":true,"showFlares":true,"showImageEffects":true,"showParticleSystems":true},"in2DMode":false,"pivot":{"x":-0.005097806453704834,"y":-0.20438645780086518,"z":-1.119880199432373},"rotation":{"x":-0.07700014859437943,"y":-0.842254638671875,"z":0.12501846253871919,"w":-0.5186989903450012},"size":2.368220806121826,"orthographic":false}