{"cameraMode":{"drawMode":0,"name":"Shaded","section":"Shading Mode"},"sceneLighting":true,"audioPlay":false,"sceneViewState":{"showFog":true,"showMaterialUpdate":false,"showSkybox":true,"showFlares":true,"showImageEffects":true,"showParticleSystems":true},"in2DMode":false,"pivot":{"x":425.716064453125,"y":242.40736389160157,"z":-65.35604858398438},"rotation":{"x":-0.0352150984108448,"y":0.00035207162727601826,"z":7.437402587129327e-7,"w":-0.9993797540664673},"size":444.64483642578127,"orthographic":false}