{"cameraMode":{"drawMode":0,"name":"Shaded","section":"Shading Mode"},"sceneLighting":false,"audioPlay":false,"sceneViewState":{"showFog":true,"showMaterialUpdate":false,"showSkybox":true,"showFlares":true,"showImageEffects":true,"showParticleSystems":true},"in2DMode":false,"pivot":{"x":-539.9259643554688,"y":15.871784210205079,"z":233.7270965576172},"rotation":{"x":0.10882590711116791,"y":-0.5930044054985046,"z":0.08132091909646988,"w":0.7936558127403259},"size":27.429977416992189,"orthographic":false}