{"cameraMode":{"drawMode":0,"name":"Shaded","section":"Shading Mode"},"sceneLighting":false,"audioPlay":false,"sceneViewState":{"showFog":true,"showMaterialUpdate":false,"showSkybox":true,"showFlares":true,"showImageEffects":true,"showParticleSystems":true},"in2DMode":false,"pivot":{"x":-15.6948823928833,"y":-1.4199234247207642,"z":-1.775895595550537},"rotation":{"x":-0.12659351527690888,"y":0.09949182718992233,"z":-0.012768406420946122,"w":-0.9868700504302979},"size":14.73155403137207,"orthographic":false}