{"cameraMode":{"drawMode":0,"name":"Shaded","section":"Shading Mode"},"sceneLighting":false,"audioPlay":false,"sceneViewState":{"showFog":true,"showMaterialUpdate":false,"showSkybox":true,"showFlares":true,"showImageEffects":true,"showParticleSystems":true},"in2DMode":false,"pivot":{"x":-0.635638952255249,"y":0.7403674721717835,"z":0.052348822355270389},"rotation":{"x":-0.09841035306453705,"y":0.6490516662597656,"z":-0.08522544056177139,"w":-0.7495225667953491},"size":3.4997124671936037,"orthographic":false}