{"cameraMode":{"drawMode":0,"name":"Shaded","section":"Shading Mode"},"sceneLighting":false,"audioPlay":false,"sceneViewState":{"showFog":true,"showMaterialUpdate":false,"showSkybox":true,"showFlares":true,"showImageEffects":true,"showParticleSystems":true},"in2DMode":false,"pivot":{"x":-540.2263793945313,"y":16.919343948364259,"z":373.8494567871094},"rotation":{"x":0.005800560116767883,"y":-0.9928440451622009,"z":0.10621050000190735,"w":0.05428158864378929},"size":3.6833691596984865,"orthographic":false}