{"cameraMode":{"drawMode":0,"name":"Shaded","section":"Shading Mode"},"sceneLighting":false,"audioPlay":false,"sceneViewState":{"showFog":true,"showMaterialUpdate":false,"showSkybox":true,"showFlares":true,"showImageEffects":true,"showParticleSystems":true},"in2DMode":false,"pivot":{"x":-0.1776449829339981,"y":0.24848467111587525,"z":1.6871387958526612},"rotation":{"x":0.004950834438204765,"y":-0.9946381449699402,"z":0.057418093085289,"w":0.08587013185024262},"size":2.4164366722106935,"orthographic":false}