{"cameraMode":{"drawMode":0,"name":"Shaded","section":"Shading Mode"},"sceneLighting":false,"audioPlay":false,"sceneViewState":{"showFog":true,"showMaterialUpdate":false,"showSkybox":true,"showFlares":true,"showImageEffects":true,"showParticleSystems":true},"in2DMode":false,"pivot":{"x":-63.06235885620117,"y":141.75772094726563,"z":239.8023681640625},"rotation":{"x":0.10597923398017883,"y":0.04205228015780449,"z":-0.0044794813729822639,"w":0.9934686422348023},"size":18.684473037719728,"orthographic":false}