{"cameraMode":{"drawMode":0,"name":"Shaded","section":"Shading Mode"},"sceneLighting":false,"audioPlay":false,"sceneViewState":{"showFog":true,"showMaterialUpdate":false,"showSkybox":true,"showFlares":true,"showImageEffects":true,"showParticleSystems":true},"in2DMode":false,"pivot":{"x":95.24162292480469,"y":30.78839111328125,"z":134.36508178710938},"rotation":{"x":-0.06172894686460495,"y":0.7066954970359802,"z":-0.062140822410583499,"w":-0.7020752429962158},"size":47.8760986328125,"orthographic":false}