{"cameraMode":{"drawMode":0,"name":"Shaded","section":"Shading Mode"},"sceneLighting":false,"audioPlay":false,"sceneViewState":{"showFog":true,"showMaterialUpdate":false,"showSkybox":true,"showFlares":true,"showImageEffects":true,"showParticleSystems":true},"in2DMode":false,"pivot":{"x":3.58919620513916,"y":1.7428503036499024,"z":29.720813751220704},"rotation":{"x":-0.03164767473936081,"y":-0.8998249173164368,"z":-0.06620781868696213,"w":0.4300347864627838},"size":6.278846740722656,"orthographic":false}