{"cameraMode":{"drawMode":0,"name":"Shaded","section":"Shading Mode"},"sceneLighting":true,"audioPlay":false,"sceneViewState":{"showFog":true,"showMaterialUpdate":false,"showSkybox":true,"showFlares":true,"showImageEffects":true,"showParticleSystems":true},"in2DMode":false,"pivot":{"x":773.12109375,"y":328.5124206542969,"z":15.541191101074219},"rotation":{"x":0.10597923398017883,"y":0.04205228015780449,"z":-0.0044794813729822639,"w":0.9934686422348023},"size":638.592529296875,"orthographic":false}