{"cameraMode":{"drawMode":0,"name":"Shaded","section":"Shading Mode"},"sceneLighting":false,"audioPlay":false,"sceneViewState":{"showFog":true,"showMaterialUpdate":false,"showSkybox":true,"showFlares":true,"showImageEffects":true,"showParticleSystems":true},"in2DMode":false,"pivot":{"x":235.7900390625,"y":11.56399917602539,"z":209.59002685546876},"rotation":{"x":0.026474764570593835,"y":-0.9139955639839172,"z":0.06046038120985031,"w":0.4003197252750397},"size":2333.4521484375,"orthographic":false}