{"cameraMode":{"drawMode":0,"name":"Shaded","section":"Shading Mode"},"sceneLighting":true,"audioPlay":false,"sceneViewState":{"showFog":true,"showMaterialUpdate":false,"showSkybox":true,"showFlares":true,"showImageEffects":true,"showParticleSystems":true},"in2DMode":false,"pivot":{"x":347.31085205078127,"y":179.570556640625,"z":62.06321716308594},"rotation":{"x":-0.06904102116823197,"y":-0.0247865729033947,"z":0.0017291043186560274,"w":-0.997304379940033},"size":566.2425537109375,"orthographic":false}