{"cameraMode":{"drawMode":0,"name":"Shaded","section":"Shading Mode"},"sceneLighting":false,"audioPlay":false,"sceneViewState":{"showFog":true,"showMaterialUpdate":false,"showSkybox":true,"showFlares":true,"showImageEffects":true,"showParticleSystems":true},"in2DMode":false,"pivot":{"x":1167.632568359375,"y":371.6749572753906,"z":-152.64340209960938},"rotation":{"x":-0.03449837118387222,"y":0.07753583788871765,"z":-0.0026879445649683477,"w":-0.9963889122009277},"size":532.2334594726563,"orthographic":false}