{"cameraMode":{"drawMode":0,"name":"Shaded","section":"Shading Mode"},"sceneLighting":false,"audioPlay":false,"sceneViewState":{"showFog":true,"showMaterialUpdate":false,"showSkybox":true,"showFlares":true,"showImageEffects":true,"showParticleSystems":true},"in2DMode":false,"pivot":{"x":-394.4993591308594,"y":-23.195894241333009,"z":108.56112670898438},"rotation":{"x":-0.09760087728500366,"y":0.8054722547531128,"z":-0.13843464851379395,"w":-0.5679123401641846},"size":1.241650104522705,"orthographic":false}