{"cameraMode":{"drawMode":0,"name":"Shaded","section":"Shading Mode"},"sceneLighting":false,"audioPlay":false,"sceneViewState":{"showFog":true,"showMaterialUpdate":false,"showSkybox":true,"showFlares":true,"showImageEffects":true,"showParticleSystems":true},"in2DMode":false,"pivot":{"x":-0.9134235382080078,"y":2.482422351837158,"z":-3.5006322860717775},"rotation":{"x":-0.018528565764427186,"y":-0.7354925274848938,"z":0.020122122019529344,"w":-0.6769804358482361},"size":15.90958309173584,"orthographic":false}