{"cameraMode":{"drawMode":0,"name":"Shaded","section":"Shading Mode"},"sceneLighting":false,"audioPlay":false,"sceneViewState":{"showFog":true,"showMaterialUpdate":false,"showSkybox":true,"showFlares":true,"showImageEffects":true,"showParticleSystems":true},"in2DMode":false,"pivot":{"x":0.15973171591758729,"y":0.9106684327125549,"z":0.49159058928489687},"rotation":{"x":0.06044331565499306,"y":-0.892295241355896,"z":0.12562067806720735,"w":0.4293893873691559},"size":2.731778860092163,"orthographic":false}