{"cameraMode":{"drawMode":0,"name":"Shaded","section":"Shading Mode"},"sceneLighting":true,"audioPlay":false,"sceneViewState":{"showFog":true,"showMaterialUpdate":false,"showSkybox":true,"showFlares":true,"showImageEffects":true,"showParticleSystems":true},"in2DMode":false,"pivot":{"x":476.0010681152344,"y":197.9639129638672,"z":-170.8243408203125},"rotation":{"x":0.013381358236074448,"y":0.008149843662977219,"z":0.0001222295395564288,"w":-0.9998772740364075},"size":300.40850830078127,"orthographic":false}