{"cameraMode":{"drawMode":0,"name":"Shaded","section":"Shading Mode"},"sceneLighting":false,"audioPlay":false,"sceneViewState":{"showFog":true,"showMaterialUpdate":false,"showSkybox":true,"showFlares":true,"showImageEffects":true,"showParticleSystems":true},"in2DMode":false,"pivot":{"x":-399.0777282714844,"y":-26.55816078186035,"z":108.924560546875},"rotation":{"x":-0.030780484899878503,"y":0.7214740514755249,"z":-0.032142095267772678,"w":-0.6910098791122437},"size":6.476599216461182,"orthographic":false}