{"cameraMode":{"drawMode":0,"name":"Shaded","section":"Shading Mode"},"sceneLighting":true,"audioPlay":false,"sceneViewState":{"showFog":true,"showMaterialUpdate":false,"showSkybox":true,"showFlares":true,"showImageEffects":true,"showParticleSystems":true},"in2DMode":false,"pivot":{"x":856.703857421875,"y":296.2994689941406,"z":-2.443267822265625},"rotation":{"x":0.0656827837228775,"y":-0.037391841411590579,"z":0.002469208324328065,"w":0.9971367120742798},"size":278.7947082519531,"orthographic":false}