{"cameraMode":{"drawMode":0,"name":"Shaded","section":"Shading Mode"},"sceneLighting":false,"audioPlay":false,"sceneViewState":{"showFog":true,"showMaterialUpdate":false,"showSkybox":true,"showFlares":true,"showImageEffects":true,"showParticleSystems":true},"in2DMode":false,"pivot":{"x":-0.15074598789215089,"y":1.4753412008285523,"z":-0.39396196603775027},"rotation":{"x":-0.14400112628936768,"y":-0.6255661249160767,"z":0.11891509592533112,"w":-0.7574892640113831},"size":3.345721960067749,"orthographic":false}