{"cameraMode":{"drawMode":0,"name":"Shaded","section":"Shading Mode"},"sceneLighting":false,"audioPlay":false,"sceneViewState":{"showFog":true,"showMaterialUpdate":false,"showSkybox":true,"showFlares":true,"showImageEffects":true,"showParticleSystems":true},"in2DMode":false,"pivot":{"x":-0.27885687351226809,"y":1.0666375160217286,"z":0.10666073858737946},"rotation":{"x":-0.04105451703071594,"y":-0.9558209776878357,"z":0.16245608031749726,"w":-0.24151380360126496},"size":3.647594451904297,"orthographic":false}