{"cameraMode":{"drawMode":0,"name":"Shaded","section":"Shading Mode"},"sceneLighting":false,"audioPlay":false,"sceneViewState":{"showFog":true,"showMaterialUpdate":false,"showSkybox":true,"showFlares":true,"showImageEffects":true,"showParticleSystems":true},"in2DMode":false,"pivot":{"x":0.03184419870376587,"y":0.4284311532974243,"z":-0.02844427525997162},"rotation":{"x":-0.001470467308536172,"y":-0.9951039552688599,"z":0.09768985956907273,"w":-0.01492380816489458},"size":3.645721912384033,"orthographic":false}