{"cameraMode":{"drawMode":0,"name":"Shaded","section":"Shading Mode"},"sceneLighting":true,"audioPlay":false,"sceneViewState":{"showFog":true,"showMaterialUpdate":false,"showSkybox":true,"showFlares":true,"showImageEffects":true,"showParticleSystems":true},"in2DMode":false,"pivot":{"x":-543.1151123046875,"y":16.31308937072754,"z":235.77767944335938},"rotation":{"x":-0.0032005624379962684,"y":-0.12118200212717056,"z":-0.0003844736493192613,"w":0.9926250576972961},"size":12.000679969787598,"orthographic":false}