{"cameraMode":{"drawMode":0,"name":"Shaded","section":"Shading Mode"},"sceneLighting":false,"audioPlay":false,"sceneViewState":{"showFog":true,"showMaterialUpdate":false,"showSkybox":true,"showFlares":true,"showImageEffects":true,"showParticleSystems":true},"in2DMode":false,"pivot":{"x":0.42787861824035647,"y":4.560102462768555,"z":4.019173622131348},"rotation":{"x":0.0009781477274373174,"y":-0.9887831807136536,"z":0.14921200275421143,"w":0.006528822239488363},"size":12.37441349029541,"orthographic":false}