{"cameraMode":{"drawMode":0,"name":"Shaded","section":"Shading Mode"},"sceneLighting":false,"audioPlay":false,"sceneViewState":{"showFog":true,"showMaterialUpdate":false,"showSkybox":true,"showFlares":true,"showImageEffects":true,"showParticleSystems":true},"in2DMode":false,"pivot":{"x":-483.16339111328127,"y":24.10784912109375,"z":250.0},"rotation":{"x":-0.029548604041337968,"y":-0.9615904688835144,"z":-0.11476290971040726,"w":0.24758858978748322},"size":1181.6739501953125,"orthographic":false}