{"cameraMode":{"drawMode":0,"name":"Shaded","section":"Shading Mode"},"sceneLighting":false,"audioPlay":false,"sceneViewState":{"showFog":true,"showMaterialUpdate":false,"showSkybox":true,"showFlares":true,"showImageEffects":true,"showParticleSystems":true},"in2DMode":false,"pivot":{"x":14.183511734008789,"y":-51.021732330322269,"z":0.633621335029602},"rotation":{"x":-0.07231257110834122,"y":0.51713627576828,"z":-0.04391120746731758,"w":-0.8517116904258728},"size":96.96868133544922,"orthographic":false}