{"cameraMode":{"drawMode":0,"name":"Shaded","section":"Shading Mode"},"sceneLighting":true,"audioPlay":false,"sceneViewState":{"showFog":true,"showMaterialUpdate":false,"showSkybox":true,"showFlares":true,"showImageEffects":true,"showParticleSystems":true},"in2DMode":false,"pivot":{"x":-539.9679565429688,"y":14.960700988769532,"z":229.17587280273438},"rotation":{"x":0.10275473445653916,"y":-0.6820997595787048,"z":0.09771058708429337,"w":0.7173800468444824},"size":20.01814842224121,"orthographic":false}