{"cameraMode":{"drawMode":0,"name":"Shaded","section":"Shading Mode"},"sceneLighting":false,"audioPlay":false,"sceneViewState":{"showFog":true,"showMaterialUpdate":false,"showSkybox":true,"showFlares":true,"showImageEffects":true,"showParticleSystems":true},"in2DMode":false,"pivot":{"x":-1.300484299659729,"y":-0.7512882947921753,"z":37.43016052246094},"rotation":{"x":-0.06234917789697647,"y":-0.8962881565093994,"z":0.41825589537620547,"w":-0.13357503712177277},"size":112.13094329833985,"orthographic":false}